id,transaction_id,client_id,datetime,amount,currency,merchant,transaction_type,ip_address,category,country_code,region,device_type,session_id,channel,recipient_id,transaction_purpose
4415,13e3c3d7-553d-4eaf-a84a-0816eeac9d2d,client_63,2025-02-20 21:23:51,1328.0,RUB,Wildberries,deposit,254.216.98.152,travel,RU,St. Petersburg,smartphone,1def3786-be84-4858-9796-ef7e0f87f832,mobile_app,null,null
4416,7b8dedf0-82e7-401a-8fde-f78ab64c3efd,client_31,2025-02-14 21:07:06,1775.22,USD,Uber,withdrawal,128.32.175.203,utilities,US,Los Angeles,smartphone,8c83d108-a266-4cb5-8c4f-d1b9b3f69dbc,mobile_app,null,null
4417,bbfef018-cf44-47b4-a227-f7b9ca534117,client_67,2025-02-27 17:27:46,642.83,USD,Amazon,withdrawal,147.3.34.191,travel,US,Chicago,smartphone,972ea14c-00e9-4e2c-9439-561798f060c6,POS,null,null
4418,8234e73a-cf7b-4459-a577-d2d6ef7a3a70,client_37,2025-02-24 18:30:34,1177.86,RUB,Sber,withdrawal,116.190.252.212,utilities,RU,Moscow,smartphone,14b1426f-c754-4a06-98b5-6193259053a5,mobile_app,null,null
4419,7414fd60-7733-4812-8f18-6ceca14a06b5,client_63,2025-05-23 09:26:41,1411.46,RUB,Ozon,withdrawal,43.245.175.38,utilities,RU,Novosibirsk,tablet,321eaef4-a1e9-47af-8397-9821ac586fc1,web,null,null
4420,3af8861f-2a8a-4743-b8ae-934125703d30,client_91,2025-02-20 21:15:13,1551.56,RUB,Tinkoff,withdrawal,215.142.91.97,entertainment,RU,Moscow,smartphone,69b989d7-5902-402d-9efe-0a437f988fab,mobile_app,null,null
4421,ad8657ed-a24c-4d1c-b21c-529103e7959e,client_23,2025-04-27 03:14:53,505.14,USD,Walmart,withdrawal,60.235.107.4,utilities,US,Los Angeles,tablet,17555fb0-2fa3-4fd0-b5b7-050ed02e6bb0,mobile_app,null,null
4422,aaafb997-91cf-40fc-aba0-02c6e8386bf4,client_63,2025-04-19 15:54:25,1456.97,USD,Uber,deposit,117.61.22.126,utilities,US,New York,smartphone,13f69f84-c2d6-4a8d-ab03-3e5c8328bdc5,mobile_app,null,null
4423,89b07ee0-c65f-4217-a669-9a7a9213d970,client_67,2025-02-01 21:04:21,706.81,RUB,Wildberries,deposit,29.205.219.68,retail,RU,Moscow,smartphone,e6a5492d-145c-4da8-9fb6-bd4135033d36,POS,null,null
4424,207c5c7c-b402-4ffd-8edb-d2998c37d358,client_37,2025-03-05 19:57:09,1329.65,RUB,Ozon,withdrawal,100.33.179.222,entertainment,RU,St. Petersburg,PC,cfc58664-b825-4996-a11e-20dfafab9342,mobile_app,null,null
4425,5f6462cb-8938-4891-99a9-13bf0a056754,client_31,2025-03-04 18:49:34,906.28,CNY,Alipay,withdrawal,101.11.66.64,entertainment,CN,Shanghai,PC,089d413f-f55a-4376-87ff-3d6f9685d6b7,mobile_app,null,null
4426,20855853-f628-44d0-966e-5eec5cb25b80,client_67,2025-04-28 13:25:09,3251.58,RUB,Wildberries,deposit,162.114.104.134,travel,RU,Novosibirsk,smartphone,bc8974e8-a88d-49f1-8c70-550fc1404d48,mobile_app,null,null
4427,6a11dfea-01ba-4a97-8641-3a02e936705f,client_67,2025-02-10 18:34:48,906.24,USD,Walmart,deposit,96.151.150.189,utilities,US,Chicago,smartphone,a4b01b8b-911a-4be5-ab2a-e1a6831eab35,mobile_app,null,null
4428,e33609a7-d2f7-4b89-bc01-c72718e4d690,client_23,2025-04-30 22:48:35,1427.96,RUB,Tinkoff,deposit,233.146.75.8,entertainment,RU,St. Petersburg,PC,441fd615-67a6-4628-ae8d-2faa5c2ad051,POS,null,null
4429,c3cbf9a1-9ce5-45d0-afc1-7716bf607e80,client_49,2025-03-24 21:22:15,873.11,RUB,Wildberries,withdrawal,133.162.214.220,entertainment,RU,St. Petersburg,smartphone,dd092aa5-4df1-462a-aacc-4350bf7a2f19,mobile_app,null,null
4430,7d1b8b16-e6b4-46f5-8141-7ae6d1135222,client_37,2025-05-26 09:28:36,1191.81,EUR,Auchan,deposit,136.239.108.64,utilities,FR,Paris,smartphone,645d7b17-71b6-4ff1-bedb-4f431a701134,POS,null,null
4431,ca511914-9f82-4ec9-860a-018b70a9243c,client_17,2025-03-26 11:18:38,596.1,EUR,Aldi,deposit,126.57.147.219,travel,DE,Munich,tablet,ed5d655c-607b-4b17-bd63-7968e40bdcd2,web,null,null
4432,710e2ace-d16d-40ba-b551-5eb701f526b1,client_67,2025-03-28 15:57:43,987.95,RUB,Tinkoff,withdrawal,173.60.46.148,utilities,RU,Moscow,PC,7353c539-43fe-48b8-8b0e-a3a269da157a,POS,null,null
4433,07f49e63-a54f-4cc2-93b8-6d163ac8b0d1,client_49,2025-05-22 18:15:22,3377.71,RUB,Wildberries,deposit,92.163.89.135,utilities,RU,Novosibirsk,smartphone,80f96d8a-5012-46b9-9e51-89e181ab4ced,mobile_app,null,null
4434,66fb7221-2910-4ca4-998b-89347585ed92,client_17,2025-04-25 12:12:45,832.05,USD,Walmart,deposit,134.81.114.255,utilities,US,Chicago,PC,c2242425-405a-47ee-80c5-0ab1eed56d0e,mobile_app,null,null
4435,9c2d1c32-e04c-4195-8495-faa1f5d63123,client_37,2025-04-06 23:10:20,906.02,RUB,Wildberries,withdrawal,177.204.160.97,entertainment,RU,Moscow,smartphone,bf69d5ec-2c7e-4462-97d7-3e307a2e7b41,mobile_app,null,null
4436,1cc8ce5c-fd34-4e21-8721-be5fcd93767e,client_9,2025-03-25 21:09:09,2348.66,RUB,Wildberries,deposit,85.77.200.109,utilities,RU,Novosibirsk,smartphone,6b4b440e-d4e0-4aa0-a56f-13257b1f4572,mobile_app,null,null
4437,259f8fd0-ed14-4845-af23-485b349a0aca,client_91,2025-02-26 16:02:58,1852.04,USD,Uber,withdrawal,222.221.250.56,utilities,US,Chicago,smartphone,4d803040-9289-4dbd-b4e4-2bfcd3951e4f,mobile_app,null,null
4438,3218a2e4-222f-44f9-b139-d298d261695f,client_49,2025-03-10 19:14:26,924.96,USD,Amazon,deposit,226.51.248.165,utilities,US,Los Angeles,PC,6ce56dbd-6eb5-41ca-a69f-a02241a9d67e,mobile_app,null,null
4439,08cffc9d-0dda-4fff-86c0-b4ec875bd4e8,client_81,2025-04-15 05:04:33,612.05,USD,Amazon,deposit,43.239.202.114,utilities,US,Los Angeles,smartphone,b32296de-523f-40f8-92d6-1529ff4e5bcf,mobile_app,null,null
4440,78211d1e-4b78-4878-a7f1-618a65c8e2bf,client_9,2025-03-22 11:20:04,2104.1099999999997,USD,Amazon,deposit,170.60.21.148,utilities,US,Chicago,smartphone,97a750fd-c99e-47ac-89ac-47d43641a2e1,mobile_app,null,null
4441,4f80391a-49a6-4f29-84a5-22ef540fee77,client_91,2025-03-19 07:29:42,1778.54,RUB,Wildberries,withdrawal,253.179.206.46,utilities,RU,Moscow,smartphone,b874767e-0cd9-40d5-86af-d6cb0f8d9cdc,mobile_app,null,null
4442,5a0599fb-05a9-4d3e-b03e-5c7df4b3128b,client_23,2025-02-07 22:42:46,904.18,RUB,Tinkoff,deposit,18.249.37.226,utilities,RU,Moscow,smartphone,d3243e69-0ab9-4f6c-946f-52a43a1f758f,web,null,null
4443,74b6cb01-3cbb-459d-ab68-342fb32dbc47,client_63,2025-04-25 20:02:40,808.4,USD,Uber,withdrawal,34.110.7.167,travel,US,New York,smartphone,4497cdce-7452-49dc-9dff-d2b0f921a19e,mobile_app,null,null
4444,c5805778-b5ef-49ea-9d66-bc3128a9921d,client_31,2025-04-11 11:21:20,1194.83,RUB,Tinkoff,deposit,247.111.3.93,utilities,RU,Novosibirsk,smartphone,a8b7f325-68c4-4c96-88fb-0d6ce0947fa6,mobile_app,null,null
4445,14ee85d1-9e12-41c9-9b3f-827cdace0962,client_81,2025-04-28 23:14:05,1191.82,USD,Uber,withdrawal,62.184.193.78,entertainment,US,New York,smartphone,469bbe66-555e-4a59-b053-b60dc23e6f01,web,null,null
4446,9a28a6c4-1c54-46fc-825f-fb6b9a5e7282,client_23,2025-05-06 18:10:35,1474.31,USD,Uber,deposit,3.160.133.177,travel,US,New York,smartphone,2edf729b-8e3c-48b0-a4fe-40ed27c42e3a,mobile_app,null,null
4447,b5faa34d-3704-46ef-8447-12613548f3dd,client_37,2025-02-09 16:54:34,1563.43,EUR,Aldi,withdrawal,236.177.77.116,entertainment,DE,Berlin,PC,b10ab976-8c33-4941-bd44-3888fbaaaddf,mobile_app,null,null
4448,873bfd94-e31e-46f2-a8ac-d7c681776e45,client_23,2025-02-11 11:29:34,1090.76,USD,Walmart,deposit,5.82.122.77,utilities,US,New York,smartphone,11d9e382-2149-4239-a3af-172b7f856b88,web,null,null
4449,e5b912dd-829d-4823-ab3a-332613d77343,client_63,2025-03-10 15:32:24,698.69,USD,Uber,withdrawal,53.103.103.178,utilities,US,Chicago,smartphone,5707b4e5-5130-4206-a383-4b80d8b5c781,mobile_app,null,null
4450,de23ed70-1619-49f0-b9ee-8ce5d850afa6,client_37,2025-03-05 22:35:28,589.46,EUR,Zalando,deposit,97.252.228.154,entertainment,DE,Munich,smartphone,01acc530-56e8-4d26-b982-dc778fc9911d,mobile_app,null,null
4451,296cba62-9427-4857-b832-3a976483c79c,client_81,2025-03-19 09:55:14,978.18,USD,Amazon,deposit,76.172.129.154,utilities,US,New York,smartphone,9b6260a6-44a4-42a5-90b7-e7e8ebb7b004,mobile_app,null,null
4452,18e588d2-56d3-4e74-9670-1e8ad5ad92e6,client_63,2025-03-18 23:39:17,1424.31,CNY,WeChat Pay,withdrawal,111.103.59.170,utilities,CN,Beijing,smartphone,3aeb12f6-9b83-42e9-84a3-403f592091ad,mobile_app,null,null
4453,59475623-ddc2-4cfe-bfcd-f4faa9acb58e,client_17,2025-02-09 21:39:40,1148.26,RUB,Wildberries,deposit,149.89.109.163,utilities,RU,St. Petersburg,PC,c90ed94b-3fe0-428f-b8a6-cbb8d6801932,web,null,null
4454,f16d2e8e-ad8f-4c9c-937f-6552c75c84be,client_31,2025-04-15 00:40:34,1720.58,RUB,Tinkoff,deposit,25.89.74.37,utilities,RU,Moscow,smartphone,c216853e-1f44-4951-9f49-cff0b57e86bc,web,null,null
4455,4e854368-cc0b-4485-9ce7-a2b5c7a3aad5,client_81,2025-04-12 03:32:48,865.74,CNY,Alipay,deposit,114.212.48.198,entertainment,CN,Beijing,smartphone,0fbaea9b-4b52-49ae-904e-705cd4df376c,mobile_app,null,null
4456,1fa0d1ce-46ca-4b7c-a114-72260fae4a71,client_17,2025-02-13 15:55:18,1824.93,RUB,Tinkoff,deposit,158.28.48.172,utilities,RU,Moscow,tablet,32f0bd45-c685-4bc5-ae7f-07da2f1e28f3,mobile_app,null,null
4457,dc3505ac-cdc9-42d6-a930-a716ce2d87b6,client_91,2025-03-10 09:07:28,1258.48,EUR,Auchan,deposit,211.109.161.123,utilities,FR,Paris,PC,74e1d5fa-9c6d-4c5e-8b8b-1900548fb672,web,null,null
4458,d661a2b1-ed76-4e23-baaf-1cfae0a2cd0e,client_81,2025-03-31 18:56:46,1100.28,EUR,Aldi,withdrawal,51.96.91.238,entertainment,DE,Munich,tablet,49006b7f-67da-4c59-95c6-91f06cd899af,POS,null,null
4459,b9ac2764-5de9-4a07-8f0e-3ad27de75684,client_91,2025-04-26 13:17:06,2268.04,USD,Walmart,withdrawal,112.124.146.35,utilities,US,Los Angeles,tablet,017fd742-0aa2-4395-b254-6c09db45d180,POS,null,null
4460,aebb4f43-4e3f-474a-9eb7-1754f0cc32d7,client_37,2025-02-12 13:29:08,1711.56,EUR,Aldi,deposit,172.98.243.249,travel,DE,Berlin,smartphone,261e20f7-2a8d-49ea-88e0-d2c2378a0c7a,web,null,null
4461,8ddc4367-2db2-46c8-a078-c364e7f908c1,client_17,2025-04-22 17:44:24,903.18,RUB,Ozon,withdrawal,4.153.185.28,utilities,RU,Novosibirsk,smartphone,dbe17a0f-5b7d-45bb-b893-c020f3e63601,mobile_app,null,null
4462,8fab2b93-dda5-4029-a0c8-bbf9e614892d,client_31,2025-03-09 22:22:52,989.74,EUR,Carrefour,deposit,213.26.56.30,utilities,FR,Paris,smartphone,6d0a9c88-1e8c-478a-bb88-c3583f010858,mobile_app,null,null
4463,ef9415f3-8319-455f-b24f-cac67582b987,client_63,2025-04-03 04:59:53,1021.49,RUB,Tinkoff,withdrawal,26.28.148.10,utilities,RU,Moscow,smartphone,7688b97b-3bef-4edb-aec9-6cae3755dc14,web,null,null
4464,c7bfc9a3-c2a9-4309-92e7-d238e5704caa,client_67,2025-02-22 11:35:46,1311.09,USD,Amazon,deposit,227.243.234.80,utilities,US,Chicago,smartphone,2c44001a-e28a-4634-b489-58dff7fb799f,mobile_app,null,null
4465,d9c0b672-a613-4a86-a234-73b88801ee79,client_23,2025-04-02 15:38:34,1507.92,RUB,Sber,withdrawal,222.101.97.11,travel,RU,Moscow,smartphone,30ef2574-2ff9-47c4-9739-f25bb6b51b76,POS,null,null
4466,af50d7bd-59f4-4b0c-8f10-d1e417c5f60e,client_9,2025-04-21 21:20:16,1531.24,RUB,Ozon,withdrawal,118.207.197.199,utilities,RU,Novosibirsk,smartphone,d386595b-1d46-467f-87ef-e40facf52235,mobile_app,null,null
4467,44d7aa6c-f57f-40c1-ae91-f4ae97d69958,client_31,2025-05-26 13:14:52,828.05,EUR,Zalando,deposit,59.214.220.81,utilities,DE,Berlin,smartphone,c843374f-13f0-4cd8-ba5b-ba4bb10f5233,mobile_app,null,null
4468,dafaec41-6e3d-427e-8564-2ac3f2eef31f,client_17,2025-04-01 22:42:39,1591.97,EUR,Carrefour,deposit,215.107.38.14,entertainment,FR,Paris,smartphone,094409a7-5e57-4412-b784-b925fe1b2b43,mobile_app,null,null
4469,f2ad5679-e752-475a-b9b9-892382dfb38c,client_67,2025-03-27 23:58:54,981.1,RUB,Wildberries,withdrawal,123.38.45.243,utilities,RU,Moscow,smartphone,888bd91f-ef5a-4022-98d4-1c7a0ca5db6c,mobile_app,null,null
4470,1d0be6a1-4c22-4a47-bf4c-3ae60a17a68c,client_31,2025-03-02 15:04:00,705.97,RUB,Ozon,deposit,3.172.141.119,utilities,RU,Moscow,smartphone,a7bac637-e7a8-414d-aed9-effce6da5130,mobile_app,null,null
4471,62a44e7e-d543-48ae-9480-f8d0a5a078a7,client_17,2025-04-29 23:36:36,1109.4299999999998,USD,Amazon,withdrawal,46.87.10.61,utilities,US,New York,smartphone,cbab0512-2fe8-4839-8153-0bf5baee7ac5,POS,null,null
4472,3dd3f25a-fbc3-4c1c-96ce-26eb4ade2ebd,client_49,2025-04-15 14:40:48,825.75,USD,Amazon,withdrawal,120.5.4.4,utilities,US,Los Angeles,smartphone,60518a26-eea4-4ae1-90fd-71b1cc2f538a,mobile_app,null,null
4473,31755619-c5f3-45d0-a8dd-c400584dbe61,client_49,2025-04-03 22:34:37,2284.49,USD,Walmart,deposit,68.141.100.97,entertainment,US,Los Angeles,smartphone,a692aac5-61a8-48c8-8b21-f19ba638a5da,mobile_app,null,null
4474,0347452a-2ad3-4af5-9b6f-854565225135,client_91,2025-04-20 18:58:33,1643.48,EUR,Zalando,deposit,207.37.71.250,utilities,DE,Berlin,smartphone,805ccd36-33aa-4a6c-88de-4f4697f78e1d,mobile_app,null,null
4475,cfde040b-537b-4c5f-85d4-73e0d4f07178,client_31,2025-03-12 17:50:57,2886.39,USD,Amazon,withdrawal,205.236.32.5,utilities,US,New York,tablet,ec48ccdf-2d84-4641-b900-ba06864bc2dc,mobile_app,null,null
4476,77636407-003d-4a6d-b36d-eefe974f26fc,client_49,2025-04-04 10:04:42,1752.82,RUB,Sber,withdrawal,249.242.30.22,travel,RU,Novosibirsk,tablet,68c7233e-1ca9-4767-9a2e-3fb11f7336a4,mobile_app,null,null
4477,e04594d5-2b14-440a-bbd1-bf6dc6ab6fbb,client_17,2025-04-14 13:40:16,1051.8899999999999,RUB,Wildberries,deposit,109.162.239.69,utilities,RU,Novosibirsk,smartphone,67f6373c-c8eb-427e-aee6-f09a27de9fb8,mobile_app,null,null
4478,68e8918a-e266-46f7-a9de-cc9b18fd919d,client_91,2025-02-22 20:49:03,805.56,USD,Uber,deposit,17.11.149.144,utilities,US,New York,smartphone,7040e570-dba3-43a0-b7e3-4a9b12b3f644,mobile_app,null,null
4479,03ea033e-86af-4305-ad9b-7f0ccd4fb353,client_17,2025-03-24 02:10:32,1127.09,RUB,Tinkoff,withdrawal,58.214.25.225,utilities,RU,Moscow,PC,8d8f736d-ec4c-4510-b920-0d843587e7d5,mobile_app,null,null
4480,cd251778-a0ad-4b58-9acb-06af6f505127,client_91,2025-05-22 09:02:16,496.38,CNY,Alipay,withdrawal,184.91.220.20,utilities,CN,Beijing,tablet,1f72a5db-a31d-4666-94eb-44e174f06596,POS,null,null
4481,164e2dee-5db0-4907-a164-7d894795f89e,client_31,2025-02-15 11:48:24,1509.81,RUB,Sber,deposit,27.71.59.173,utilities,RU,Moscow,smartphone,3d5afa52-103a-4e71-961a-0ffb3a7f3f34,mobile_app,null,null
4482,b93f28be-da29-40ca-ae9f-7f4f828d5e77,client_67,2025-03-25 23:19:45,2692.6,USD,Walmart,deposit,222.205.198.16,utilities,US,New York,smartphone,3af1d65a-7b74-4c25-bfb0-1b7308b3a598,mobile_app,null,null
4483,b2ffe5b5-19e2-47de-a40c-b202ead88275,client_63,2025-04-13 16:07:20,1105.74,USD,Uber,deposit,95.165.31.10,utilities,US,New York,tablet,f0471149-0b75-4715-ae46-3795c729e39d,web,null,null
4484,ef6312e7-d645-4aab-9d32-1ca079c12b60,client_81,2025-04-22 11:32:09,877.37,USD,Uber,withdrawal,242.251.96.1,utilities,US,Chicago,tablet,5dc8eb6a-91a7-406d-b2c4-3b553c2fa5ed,mobile_app,null,null
4485,9f52bbeb-22b5-4d3d-b219-bda6b675afa3,client_67,2025-03-18 22:41:54,1407.6,USD,Uber,deposit,123.133.8.5,travel,US,Chicago,smartphone,a6775461-460b-4de6-95da-75c8f6353f2b,mobile_app,null,null
4486,e81aa5be-fb70-4cbb-8950-f87f962266fe,client_37,2025-02-07 18:05:57,1271.91,RUB,Wildberries,withdrawal,127.2.126.40,utilities,RU,St. Petersburg,smartphone,5408e348-d10e-4c67-a7c6-2b8cf0f520d9,web,null,null
4487,8180e134-fc7d-4cfe-aa50-ce8a810c51fa,client_17,2025-02-19 13:07:28,1594.2,RUB,Sber,deposit,82.197.145.210,entertainment,RU,St. Petersburg,PC,d459f801-3154-4f38-a64c-4a7deb647e86,POS,null,null
4488,8c8d88f6-7ba1-424c-9454-80ed8411081b,client_37,2025-04-20 16:29:20,2028.82,RUB,Ozon,withdrawal,189.23.147.36,utilities,RU,Moscow,smartphone,81b70867-14b2-4ea1-b059-76e9cc60665b,POS,null,null
4489,e992e3bf-83ac-464c-97d4-9fe341490ee7,client_67,2025-04-07 21:38:41,679.05,EUR,Aldi,deposit,21.142.224.98,utilities,DE,Munich,smartphone,346632a3-907a-4861-a2d1-a6c200ba36b0,mobile_app,null,null
4490,bf7857e4-832b-47ed-9bdc-81ba1e8eea0e,client_91,2025-05-15 18:38:24,605.53,RUB,Ozon,withdrawal,231.69.144.122,utilities,RU,Moscow,smartphone,0ec7177d-880c-4ceb-9e5e-411b9aac7c50,web,null,null
4491,5affc4b7-5095-44f0-898d-77bb3e208b2a,client_81,2025-05-22 10:09:28,1904.67,EUR,Zalando,deposit,20.7.170.203,utilities,DE,Berlin,smartphone,e84c7855-42d8-409f-b57a-c439d9421fb6,mobile_app,null,null
4492,2fec6289-58ef-42d7-9300-d3b95ef8087f,client_81,2025-03-16 22:05:43,956.73,RUB,Tinkoff,withdrawal,148.113.77.129,travel,RU,St. Petersburg,smartphone,c1664fef-a3db-4901-8f86-9486780856bd,mobile_app,null,null
4493,642933de-8967-483c-b264-3ef8fbdff566,client_9,2025-03-05 03:41:19,1833.96,USD,Uber,deposit,239.170.177.150,utilities,US,New York,smartphone,ee21a4b4-7738-48be-8264-d8f7d58054e9,mobile_app,null,null
4494,dad43791-f42c-4602-aa5b-33cd68c72a49,client_81,2025-02-01 10:37:04,1404.07,CNY,WeChat Pay,withdrawal,175.33.192.54,retail,CN,Shanghai,smartphone,c2c74bf4-49ef-4e00-ae2e-b83bcfd92b76,mobile_app,null,null
4495,c73d13e5-1acb-4941-96d5-34dd8683bf4a,client_63,2025-04-13 23:00:18,1768.35,RUB,Ozon,deposit,194.241.191.197,utilities,RU,St. Petersburg,tablet,f29c3a9b-d709-41cd-a1a2-9e95a2b43045,POS,null,null
4496,b65c037e-6a37-4860-bcac-4b851ea36f58,client_81,2025-02-04 22:17:12,2818.09,RUB,Wildberries,withdrawal,83.108.74.128,utilities,RU,Moscow,smartphone,e6d8b7fb-f7ac-4f9b-b5f9-9b4520b7c717,mobile_app,null,null
4497,5254334e-df07-49ec-ae28-cf65df463ec1,client_67,2025-04-30 17:34:43,1219.73,USD,Amazon,deposit,206.73.193.173,utilities,US,Chicago,smartphone,d530e330-b816-43be-a7b1-1b383ccf7722,POS,null,null
4498,0c50e478-8573-4322-b2ec-610b1c7f0ea4,client_9,2025-03-20 17:14:42,1076.33,CNY,Alipay,withdrawal,70.45.241.107,utilities,CN,Shanghai,smartphone,802e868b-78f9-4747-a092-3184ec04ef21,mobile_app,null,null
4499,2a7fb8c4-8bec-4b45-91d1-cdca7787a11c,client_67,2025-04-16 10:12:21,968.35,CNY,WeChat Pay,withdrawal,117.51.237.26,entertainment,CN,Shanghai,smartphone,bdab694d-5dbc-42ca-85a9-4709f46eab72,mobile_app,null,null
4500,01eae414-0c6d-4c25-a98e-8f68eba6896d,client_67,2025-04-30 09:43:09,985.66,EUR,Aldi,withdrawal,159.70.190.55,utilities,DE,Berlin,smartphone,d078c814-3898-49c8-8b1b-15bec39dea24,POS,null,null
4501,c8512f48-e8f6-4cbb-9f00-c095208c3c46,client_23,2025-03-19 19:53:20,1051.49,EUR,Carrefour,deposit,10.215.121.120,utilities,FR,Paris,PC,088779b1-a73e-401d-bb81-dac81c226155,mobile_app,null,null
4502,9b4788e3-ccbf-45df-a638-d7d575c40b2f,client_9,2025-04-01 22:18:35,1440.23,RUB,Sber,deposit,183.241.68.174,travel,RU,St. Petersburg,tablet,2c2f2709-27d2-46f7-8468-16c796b4d1b0,mobile_app,null,null
4503,883763c8-b3df-4b6d-9719-6d1c1c169509,client_67,2025-03-04 12:12:56,1383.3,USD,Uber,deposit,85.145.66.41,entertainment,US,Chicago,tablet,21330c75-3dbd-48c3-9e97-5540937fd7e9,mobile_app,null,null
4504,bcc4cc4e-c50d-4af8-86be-d53988722575,client_23,2025-04-08 19:35:02,1195.49,USD,Walmart,deposit,97.122.69.168,entertainment,US,Los Angeles,smartphone,a85a55e1-0c0b-495d-894f-ee9c830c7f1e,web,null,null
4505,07773ca6-8516-4144-bbb6-38596857b8db,client_23,2025-04-08 13:02:21,1652.31,USD,Amazon,withdrawal,30.115.7.149,utilities,US,Los Angeles,PC,920f0729-8524-4301-b5e9-5806e6dc6db4,mobile_app,null,null
4506,f7bb8e0f-ceb5-43f5-ad73-c2f9811e37a5,client_9,2025-03-27 13:11:07,3002.34,RUB,Wildberries,withdrawal,144.29.236.22,entertainment,RU,Novosibirsk,smartphone,43879bfc-78f8-49b3-ad06-fc56033acb36,POS,null,null
4507,f235b675-5649-45a7-a378-ff9aad8bc60f,client_37,2025-05-01 19:11:37,1048.23,RUB,Sber,deposit,105.84.1.218,retail,RU,Moscow,smartphone,26374468-061e-413c-a092-548f67bc0577,web,null,null
4508,be5b6cbc-4a58-4d7e-a58b-c738666ec2c2,client_91,2025-03-15 18:51:41,994.34,USD,Walmart,withdrawal,49.41.165.81,utilities,US,Chicago,smartphone,501aebd2-8879-492e-9da6-8c9496c03dfd,mobile_app,null,null
4509,e61f68b8-c104-4548-9b1c-d7f6548845c7,client_63,2025-04-03 13:19:17,1987.39,USD,Walmart,deposit,54.32.163.94,utilities,US,New York,smartphone,94e0b4bf-4406-4c61-afb9-cbea3f4dea32,web,null,null
4510,0f8afec6-eb43-4f56-92a1-70c9aa7c67f3,client_91,2025-02-08 17:14:03,1490.4,USD,Walmart,deposit,12.31.127.95,utilities,US,New York,PC,b425b189-eb02-48ec-ab7b-8e00a6f6e22f,web,null,null
4511,542c34de-ef71-45ca-8639-21e5d138d4dc,client_81,2025-04-01 14:04:18,927.74,RUB,Wildberries,deposit,178.252.158.55,utilities,RU,Moscow,smartphone,d2060d3a-124f-463a-8806-708e2a42b5ca,mobile_app,null,null
4512,f5958b67-53f3-467e-97c0-fa14c977031d,client_63,2025-02-04 11:36:38,911.76,EUR,Auchan,deposit,221.51.163.123,travel,FR,Paris,tablet,b434788f-5747-43bd-a25b-65ba6003c521,web,null,null
4513,55e6899a-46f5-491c-abcb-d3084d11d12a,client_81,2025-04-05 00:01:26,2274.86,USD,Amazon,withdrawal,215.57.119.166,entertainment,US,Los Angeles,smartphone,789bea34-34b9-49f2-8586-4fd5e2c019d1,web,null,null
4514,a0007098-62f4-4c35-9c3e-6ee5154c0d3f,client_67,2025-04-22 17:20:51,1005.04,EUR,Carrefour,deposit,117.25.253.195,utilities,FR,Paris,smartphone,bfd5df9b-6357-422c-a7f6-509c773adadc,mobile_app,null,null
4515,efa4be13-05b1-41c2-b8ed-308bfe44a6f4,client_17,2025-04-24 13:00:01,592.96,USD,Amazon,withdrawal,58.255.187.231,travel,US,Chicago,smartphone,11b85af6-8d06-4561-9aec-61b1aeec020f,mobile_app,null,null
4516,0ac6b15c-892d-43fa-a5b9-c4847e90770d,client_9,2025-04-24 23:22:36,994.83,USD,Amazon,deposit,200.248.86.42,utilities,US,New York,tablet,c4051c4f-5e62-4af0-9576-17ce9ee78b0b,mobile_app,null,null
4517,80f94aea-8e3a-41c8-a98e-fedce15f65e9,client_63,2025-03-24 20:27:50,2083.96,CNY,WeChat Pay,deposit,38.110.223.111,travel,CN,Beijing,smartphone,4792672e-dc77-48bd-bc79-c5249c7fce5e,web,null,null
4518,98d64856-b753-49d9-89d5-de3c7f70003a,client_63,2025-04-09 19:57:54,1671.01,RUB,Tinkoff,deposit,114.9.148.163,utilities,RU,St. Petersburg,PC,2591763e-0814-4757-b9a3-7dadcab899b7,mobile_app,null,null
4519,64dc8087-bced-4ea6-90b8-84ca21beea04,client_67,2025-02-10 23:54:08,750.41,RUB,Wildberries,deposit,217.113.21.243,utilities,RU,Novosibirsk,smartphone,196ba003-b8d7-4969-8bbd-26c7c4ad676e,mobile_app,null,null
4520,ad11061b-7c52-44c3-9b6e-6e9198ce69b2,client_37,2025-03-11 23:17:20,510.27,EUR,Aldi,withdrawal,149.125.135.45,utilities,DE,Berlin,tablet,c6fdb6ed-2fa9-4118-b8dc-06b7074d6b99,mobile_app,null,null
4521,257a08e2-aa17-4cc7-aefd-32e2a2d3d9e5,client_23,2025-04-15 08:49:30,703.02,EUR,Aldi,deposit,22.170.164.188,utilities,DE,Berlin,smartphone,a7f107fa-033e-49c6-9608-81361dc9d2ef,mobile_app,null,null
4522,b9c4c7ff-e0cf-46fd-b357-f19be5ccc0d3,client_67,2025-02-08 00:00:43,1175.06,USD,Uber,withdrawal,193.131.103.226,utilities,US,Los Angeles,tablet,0005fb12-7f67-4b3c-9537-a669f6202b4e,mobile_app,null,null
4523,43aae55d-6807-49da-a0df-827aa64f7e64,client_49,2025-02-13 17:41:25,1382.09,USD,Walmart,deposit,121.161.180.120,utilities,US,Los Angeles,tablet,172a144d-efdd-4ed4-b8aa-b0df035aa46f,web,null,null
4524,6b8706f6-5238-4e4d-a953-50c9e5ee99c7,client_23,2025-02-20 11:25:36,1386.48,RUB,Ozon,withdrawal,54.231.102.148,utilities,RU,Moscow,smartphone,ad7c3e35-0a5f-4205-ba96-294a9ce3f891,mobile_app,null,null
4525,e449a4b2-ebfc-45c8-882f-f8a107b9ee8e,client_9,2025-04-29 11:51:03,1185.73,RUB,Wildberries,withdrawal,147.158.187.59,utilities,RU,St. Petersburg,smartphone,913d503c-230a-43ae-ba91-84f4b2891176,mobile_app,null,null
4526,9dd8d665-f462-48f6-a50e-a096fafe8405,client_23,2025-04-05 14:29:54,885.83,RUB,Sber,withdrawal,225.145.62.115,utilities,RU,St. Petersburg,tablet,2a9f1cd6-aca3-4498-9fe5-28447abefb44,web,null,null
4527,63562a55-30a0-4043-b2bb-968852235058,client_37,2025-04-14 21:38:08,1410.39,USD,Walmart,deposit,107.112.93.253,utilities,US,Chicago,smartphone,803f0793-b717-48c5-99db-16524738610a,POS,null,null
4528,65b81fb1-c2f2-4a09-8365-2c8ced2ab497,client_23,2025-04-05 22:09:04,1223.65,CNY,Alipay,withdrawal,90.3.125.230,travel,CN,Shanghai,PC,ce460888-0301-42a7-895e-9f72bc9bcc99,web,null,null
4529,751bd738-89a3-462c-8f7c-03eb4a03669f,client_9,2025-03-03 16:20:29,1808.15,EUR,Carrefour,withdrawal,144.181.222.105,entertainment,FR,Paris,smartphone,5f6a9076-6a9a-4266-8600-6b6682aff207,mobile_app,null,null
4530,5f6c031f-03ea-48d4-9e41-d0964406f4c5,client_37,2025-02-21 15:06:05,875.63,CNY,WeChat Pay,withdrawal,210.159.247.202,entertainment,CN,Shanghai,smartphone,77189d9a-6038-40ec-841a-08b5c15aa2ad,POS,null,null
4531,d311160e-839a-4cd3-835f-f615ba78d2d4,client_91,2025-05-26 10:48:18,1378.61,EUR,Zalando,withdrawal,189.168.160.177,utilities,DE,Munich,smartphone,5b9b632a-e999-49da-ab8d-efa57d8faa21,mobile_app,null,null
4532,354db13a-49bd-4e84-9ae3-d055db27580b,client_63,2025-03-30 21:48:16,1126.9,USD,Uber,withdrawal,238.197.97.64,utilities,US,New York,smartphone,405cb05f-5c4b-48d0-898c-055f49910316,mobile_app,null,null
4533,8843e3fd-46b5-4020-a501-45b698aa98d0,client_63,2025-04-27 21:37:59,1237.05,EUR,Carrefour,withdrawal,49.191.31.134,utilities,FR,Paris,smartphone,2d0c75d9-968c-46af-9fd7-efec76851c14,web,null,null
4534,282ee1fe-a3fc-4d7a-ad8c-e1f771084bf5,client_81,2025-04-26 21:48:01,1184.74,USD,Amazon,deposit,254.130.199.43,retail,US,Los Angeles,smartphone,42760524-5e1b-4e1c-86ee-28b8947c4083,mobile_app,null,null
4535,6b27649a-99a1-4246-b6bf-cf2144784283,client_91,2025-05-24 14:40:35,784.24,USD,Walmart,withdrawal,143.175.237.103,travel,US,New York,smartphone,3f2199c0-7666-44e5-a861-786185ae20a0,mobile_app,null,null
4536,82a0c19e-757d-4428-86b4-1b99f55003f9,client_91,2025-03-12 18:54:07,725.19,USD,Walmart,withdrawal,124.175.106.100,travel,US,Chicago,smartphone,745d232a-cc63-4802-b68d-b41a9ca8fb59,mobile_app,null,null
4537,a02bd8e9-e510-4c2f-814e-5368022a256b,client_23,2025-02-21 13:27:37,1432.67,RUB,Ozon,deposit,196.24.147.161,utilities,RU,Moscow,smartphone,88bb479a-83b4-4598-b6a5-f7c70a1d6131,POS,null,null
4538,1bb61731-0aad-4dd0-8b53-3ed91557490d,client_63,2025-03-16 23:43:43,845.32,EUR,Auchan,deposit,216.225.213.130,utilities,FR,Paris,smartphone,950221e4-ecd3-42be-971f-c15ba6f9ab79,mobile_app,null,null
4539,4e363232-aa3f-4cdc-83af-1c9b02a79465,client_9,2025-03-13 10:10:56,2998.47,RUB,Tinkoff,withdrawal,108.138.93.14,entertainment,RU,Moscow,smartphone,2e41b5c0-27ff-4331-891e-99f5d0ae5fb3,web,null,null
4540,405ee831-c2a2-4da6-8663-46ed4d76fbee,client_31,2025-04-14 23:54:22,587.14,RUB,Ozon,deposit,67.3.185.152,utilities,RU,St. Petersburg,smartphone,b26e228c-195e-47a0-99bc-7ed180b93770,mobile_app,null,null
4541,ed17c909-48b1-4769-84b5-57fb9d4f0e95,client_31,2025-02-17 21:12:14,1446.02,USD,Walmart,withdrawal,151.186.90.97,utilities,US,Los Angeles,smartphone,06a71911-64af-4e27-b0ac-87ab043e6e48,web,null,null
4542,7d26c7b9-176a-476a-8db7-1bdeea9a6fd9,client_37,2025-04-25 15:13:25,1072.01,CNY,Alipay,withdrawal,150.175.248.82,utilities,CN,Beijing,tablet,0ba87774-b2cd-40bc-9576-188797381a64,mobile_app,null,null
4543,77f8720c-8bd3-4667-a280-330eabf8924b,client_63,2025-02-19 09:37:52,795.51,RUB,Sber,deposit,64.160.119.51,utilities,RU,Moscow,smartphone,5cae375f-25ea-4905-9065-052dbda4dc29,mobile_app,null,null
4544,9680fdd1-69a1-4576-8f7c-4b179664794f,client_63,2025-02-02 18:40:55,1248.18,EUR,Aldi,deposit,183.15.220.61,utilities,DE,Munich,smartphone,d8908cff-8cdc-4cef-9b6e-558bf0f9d7a8,mobile_app,null,null
4545,02f3f1da-df2e-45c0-9699-cf8b53344c62,client_31,2025-04-08 21:08:08,1885.76,USD,Amazon,withdrawal,65.7.44.86,utilities,US,Chicago,smartphone,b4f74ca6-2ab4-4286-bc39-5d3d4d5ebc31,mobile_app,null,null
4546,d5f61e88-4244-47bb-8c37-e509ea8f501f,client_63,2025-02-21 18:28:50,1508.88,RUB,Sber,deposit,199.91.27.3,travel,RU,Novosibirsk,smartphone,6a1e4369-5bde-4773-aedc-9b2e12c964f4,mobile_app,null,null
4547,482a9bdc-055a-4a04-93bd-c6e0cdc80517,client_23,2025-04-23 16:25:26,984.79,RUB,Ozon,withdrawal,93.108.240.98,utilities,RU,Moscow,smartphone,b04434b0-a572-4f2f-8a41-23ba6afee16e,mobile_app,null,null
4548,ec28b046-51ed-499a-b56b-314677409f71,client_49,2025-04-03 22:32:25,875.72,RUB,Ozon,deposit,245.176.191.61,utilities,RU,Novosibirsk,smartphone,07e2e7d8-ce50-437a-940d-584b82f71705,mobile_app,null,null
4549,79844f7d-0240-4bfd-b583-0b6405743135,client_17,2025-03-11 02:10:45,869.54,EUR,Zalando,deposit,76.71.199.188,utilities,DE,Munich,smartphone,06c87933-489e-4786-b27a-95e6244e29ac,mobile_app,null,null
4550,9af5b13f-7136-4878-b7a0-9674ab5fc24a,client_91,2025-04-23 03:19:17,614.47,USD,Amazon,deposit,68.221.160.126,utilities,US,Los Angeles,smartphone,d5c0558a-82b5-4fc7-ad25-3fd885a07feb,mobile_app,null,null
4551,fbf3c6b6-7eda-4dd5-939d-964331d569dc,client_81,2025-03-11 19:09:01,1331.74,RUB,Ozon,withdrawal,51.117.200.120,entertainment,RU,St. Petersburg,smartphone,13a82fa0-d05f-43e1-878b-cb0e2ddeb430,mobile_app,null,null
4552,aa869c58-c4c2-4724-9782-a575cae81158,client_37,2025-04-22 17:42:00,1831.59,EUR,Auchan,deposit,207.217.100.212,entertainment,FR,Paris,smartphone,9fa516a8-17d9-49b7-87fa-09d05617be8d,mobile_app,null,null
4553,9f72a364-3fdd-42fe-91f4-9157dafdd5f2,client_49,2025-04-26 18:43:33,789.19,EUR,Auchan,withdrawal,41.62.22.103,utilities,FR,Paris,smartphone,a7851e83-a54b-4074-9108-9d8d38a45a53,mobile_app,null,null
4554,6cf0cf3f-ccd1-4a07-af74-e2aebeed1938,client_31,2025-03-09 04:00:00,473.14,RUB,Tinkoff,withdrawal,19.156.201.187,utilities,RU,St. Petersburg,smartphone,9fad8883-35ca-462c-8fde-d261a12b288b,mobile_app,null,null
4555,2181c1cb-62c5-4e35-adcb-35e1244c9975,client_91,2025-03-06 18:37:00,1212.07,CNY,Alipay,deposit,154.154.173.245,travel,CN,Shanghai,smartphone,db8491c6-208c-4404-9772-599b5f929c0b,mobile_app,null,null
4556,46b02a1a-21c4-4e71-b2d9-e67e9ba6ce1d,client_63,2025-03-09 13:22:05,1451.67,RUB,Wildberries,withdrawal,252.200.112.28,utilities,RU,Moscow,PC,9e43ce83-0d80-4a52-b700-151d9f58b57f,mobile_app,null,null
4557,97b332df-138a-4bc9-94ca-eb9e82ea1164,client_81,2025-03-21 10:52:58,983.04,USD,Walmart,withdrawal,109.50.249.240,utilities,US,Chicago,smartphone,1a9872cf-9bd1-43ed-965c-efe2a7addbc9,mobile_app,null,null
4558,51920e12-da86-4f80-a85a-8830e1bf5347,client_63,2025-02-13 16:50:16,1926.14,EUR,Zalando,withdrawal,82.103.213.248,entertainment,DE,Berlin,smartphone,024b9a5b-d85f-4eb6-bcc2-356c5706484d,web,null,null
4559,773725c2-c185-4fec-bc29-d880ab808e5c,client_9,2025-04-05 18:53:44,934.87,USD,Walmart,withdrawal,231.219.4.208,utilities,US,Chicago,smartphone,4e0616ce-a336-4b64-836b-3f9ca3b29946,mobile_app,null,null
4560,6a65d878-b878-43db-9861-ff6ae2b349ed,client_9,2025-03-24 18:57:35,1170.07,RUB,Tinkoff,deposit,161.189.215.150,utilities,RU,St. Petersburg,smartphone,a360dc90-a683-448f-80f1-f318704c8ce5,mobile_app,null,null
4561,5c5dc8c4-c3c8-4562-ba82-637b6b5cd04a,client_81,2025-03-19 18:44:34,1093.6,EUR,Carrefour,withdrawal,81.80.112.224,utilities,FR,Paris,smartphone,b295a9a6-47c4-47a8-85b7-1fb0744619d9,web,null,null
4562,11bed9db-f908-4684-bdd3-ede5282186ce,client_81,2025-02-22 21:53:09,1116.75,EUR,Carrefour,deposit,126.20.207.203,utilities,FR,Paris,smartphone,f4ee50d7-0d00-49f6-81de-24e1831c28fb,mobile_app,null,null
4563,45387290-6f11-4756-9fe2-6e96098f3679,client_31,2025-04-12 03:35:24,906.82,EUR,Carrefour,deposit,136.132.187.127,utilities,FR,Paris,tablet,db0ed4a1-0c41-497d-875d-e74c15c73ed3,web,null,null
4564,ee50386a-d4e5-4f99-ae50-f688d242a774,client_81,2025-04-08 09:59:12,1305.49,USD,Uber,withdrawal,34.44.60.82,utilities,US,Los Angeles,smartphone,6e3b1ea2-f0a4-4638-9335-771849c32422,mobile_app,null,null
4565,b06f9d24-501d-4742-8ab7-0814a4ea8afa,client_23,2025-02-13 11:33:38,594.5799999999999,USD,Amazon,deposit,55.26.117.220,retail,US,New York,tablet,d6d9e965-db11-4b20-9c8f-956f0d5fd088,mobile_app,null,null
4566,68b0985e-9813-4d13-bc63-3ecfdafe0363,client_63,2025-04-27 21:31:09,850.86,USD,Walmart,withdrawal,200.53.51.147,utilities,US,Chicago,smartphone,34b00921-a4e4-4122-81bf-e2220544d3d8,web,null,null
4567,d382165a-9aec-466e-be02-d5054a10bb69,client_49,2025-04-28 15:30:13,777.12,EUR,Aldi,deposit,185.222.240.249,utilities,DE,Munich,tablet,844ff183-548d-40b8-9551-827751398cad,mobile_app,null,null
4568,d4c0def7-72dc-49c9-8b67-e14c50372fa0,client_67,2025-04-05 09:00:42,1851.0,EUR,Aldi,deposit,155.161.171.195,utilities,DE,Munich,tablet,7039befa-79a3-4779-a76d-544ef60b8d77,mobile_app,null,null
4569,69145089-c5fb-404c-ad7a-5a4cd551c2a9,client_81,2025-04-28 14:26:24,1523.85,CNY,Alipay,withdrawal,161.23.107.10,utilities,CN,Shanghai,tablet,87e2f6f4-9a86-4825-a6c7-50cb79cc38b3,mobile_app,null,null
4570,23e5a67d-7918-4866-ac78-fe4c810beace,client_37,2025-03-20 22:34:46,829.09,RUB,Tinkoff,deposit,206.226.235.104,utilities,RU,Novosibirsk,tablet,8679e57e-0c63-490e-b0d8-722a5045fb5a,mobile_app,null,null
4571,ff24d81f-1cec-4c3b-bc57-dd7f81f1648d,client_9,2025-03-26 11:44:22,604.27,RUB,Sber,deposit,7.35.17.2,utilities,RU,St. Petersburg,smartphone,4cf9f685-6292-465c-852f-1ef598265547,mobile_app,null,null
4572,9224b6a8-7969-4d2e-93aa-29e8233609d7,client_23,2025-04-10 17:46:52,1750.68,EUR,Carrefour,withdrawal,13.164.101.23,utilities,FR,Paris,tablet,184af650-145b-43ee-9464-c03768ea400a,POS,null,null
4573,3f933fba-c545-4946-b255-6788a9f2aeb5,client_91,2025-02-24 22:57:59,2321.5,RUB,Tinkoff,deposit,16.174.208.103,utilities,RU,Moscow,tablet,c59feb91-c653-49e7-ae4f-c1fe37ec68e9,mobile_app,null,null
4574,22be42d8-0bfc-40f3-b604-beae3e1b5003,client_67,2025-02-25 17:51:56,932.59,USD,Walmart,deposit,16.207.42.116,utilities,US,New York,PC,26d50893-e459-40bd-b340-a81921f0cb79,web,null,null
4575,1af57746-4766-4a1b-b904-7f261912dacd,client_49,2025-03-17 13:02:28,856.3,RUB,Wildberries,deposit,79.123.214.171,utilities,RU,St. Petersburg,PC,b677bcff-aedf-417c-917f-48d15b06eb3c,POS,null,null
4576,9315a33b-ce60-47f1-b892-f982e841e327,client_67,2025-02-22 11:43:06,836.2,USD,Walmart,deposit,26.24.137.250,utilities,US,Los Angeles,smartphone,620de188-2895-4160-a0c3-852a33ae76d1,web,null,null
4577,e3000f51-e84d-4f31-a5f4-03e3ea7c08e2,client_81,2025-03-19 12:59:56,1393.4,USD,Walmart,deposit,241.113.4.83,entertainment,US,Chicago,smartphone,ef9d67ec-6b2c-4c01-ae4c-1db17fe1a76b,mobile_app,null,null
4578,59d46c80-573b-4f1c-ac3a-9845ab7e7e93,client_31,2025-04-22 21:13:09,1595.12,EUR,Carrefour,deposit,223.221.2.221,utilities,FR,Paris,smartphone,024418e2-5afe-4856-a20f-9b452b482a17,web,null,null
4579,ef0191de-316b-4413-9dd4-64d60834f4b5,client_9,2025-02-28 09:03:34,400.28,USD,Uber,withdrawal,190.248.75.138,utilities,US,New York,PC,23e6b1d7-6bdc-4ff6-9390-79c0200d9f5b,mobile_app,null,null
4580,ea28219b-f5e3-4fd2-a00b-ada6f8024cdf,client_9,2025-03-31 20:42:52,1170.11,EUR,Carrefour,withdrawal,162.246.7.140,utilities,FR,Paris,tablet,8bfaa784-1253-4613-aca5-ca575dcf0074,mobile_app,null,null
4581,9e257d2a-1773-4ab7-afba-a35699dd3de3,client_91,2025-04-27 19:36:09,933.33,EUR,Auchan,withdrawal,255.170.212.215,utilities,FR,Paris,smartphone,a34fea66-8b00-452f-8c23-8113e9b51f2d,mobile_app,null,null
4582,1b104590-d722-4906-bca1-32eb9a0ed05b,client_31,2025-05-22 14:26:33,2169.04,RUB,Ozon,withdrawal,160.88.92.70,utilities,RU,Novosibirsk,smartphone,15c73635-70c5-42a9-9518-8086a542d73b,web,null,null
4583,f7b92247-cfd3-436b-bfda-48e827b3cb24,client_63,2025-05-27 15:00:49,1499.1,USD,Walmart,deposit,193.144.21.97,utilities,US,Chicago,smartphone,5bc16daf-ce9a-4a5a-9250-9fbbf6688a29,mobile_app,null,null
4584,ee81122f-1b98-4a11-aa9f-d110163f26f9,client_17,2025-04-01 23:25:39,1623.49,EUR,Auchan,deposit,206.131.22.105,utilities,FR,Paris,smartphone,da61080c-9b1c-4ede-b3e1-55d0a1425a12,mobile_app,null,null
4585,63ca117c-cdad-401a-b55b-43fb2a6987fd,client_23,2025-04-09 22:00:02,891.18,RUB,Ozon,withdrawal,34.184.176.214,travel,RU,Moscow,smartphone,332e8faf-7145-4131-8d1c-d8a9797ba11b,POS,null,null
4586,137a30ad-4c64-467b-b66a-eab8efeef827,client_9,2025-03-26 21:39:06,2111.6099999999997,EUR,Carrefour,deposit,85.60.211.2,utilities,FR,Paris,smartphone,87e0e20e-5110-423f-9367-ce0bd4cfb816,mobile_app,null,null
4587,99be5c05-c4a2-497f-8dc5-a7cc0872bdf1,client_37,2025-02-13 13:36:24,815.53,USD,Amazon,deposit,240.122.46.117,utilities,US,Los Angeles,smartphone,4be24458-316d-4916-bff7-7678dbf2ae67,web,null,null
4588,3bc028bb-0a1c-4a22-b962-9e12a241231a,client_9,2025-05-09 12:31:09,791.07,USD,Walmart,deposit,17.67.47.179,travel,US,Chicago,smartphone,a8c1939f-2fbc-462a-a706-cce32e5b6d9f,mobile_app,null,null
4589,093af983-ac64-4194-b61e-ccd63ecc8d3f,client_67,2025-04-29 10:38:58,1056.02,RUB,Wildberries,deposit,253.125.56.80,utilities,RU,Moscow,smartphone,0794dc0f-0ca8-4919-9a42-ba0890d77997,mobile_app,null,null
4590,6cf9a7e2-0a5a-4b9a-9bd6-539695b63fac,client_9,2025-04-17 15:00:16,1324.38,EUR,Aldi,deposit,15.99.31.95,utilities,DE,Munich,smartphone,f396f93a-a5c0-4f32-ab0d-59bceaf3ca09,mobile_app,null,null
4591,4dd49d5d-b8aa-4076-b8d0-764e78bc3911,client_9,2025-02-04 17:05:56,3545.77,RUB,Wildberries,deposit,197.26.79.133,utilities,RU,Novosibirsk,PC,864d4f4d-3bb4-4410-9c25-b2ebd84821cd,web,null,null
4592,f2703aab-ebad-4f64-8a12-729f1b96c104,client_17,2025-04-09 13:21:50,2974.93,CNY,WeChat Pay,withdrawal,72.6.205.183,entertainment,CN,Beijing,tablet,4f8aa566-9421-4b74-9465-ad27b4d1d75c,POS,null,null
4593,5f1d37b9-52d2-4761-ab2e-e9f3ae85ff50,client_17,2025-03-25 14:16:05,2116.01,RUB,Sber,deposit,118.119.58.32,utilities,RU,Moscow,smartphone,f8e985bf-730d-41cb-9549-00cf2d992cdd,mobile_app,null,null
4594,dd17be07-5dd9-4d5f-b0c1-f6a32629d6e6,client_49,2025-04-25 19:13:22,810.37,RUB,Sber,deposit,54.220.247.147,retail,RU,Novosibirsk,smartphone,4607cd7d-80e1-45d0-a7de-e7f78ded4e98,mobile_app,null,null
4595,8dc29484-bcf8-4c9f-83dc-fdd24dda5e7b,client_63,2025-02-06 23:40:04,1400.58,USD,Uber,deposit,177.203.70.250,utilities,US,Los Angeles,smartphone,1a9b3dab-9731-4dc5-a7b7-015ed7187a9e,web,null,null
4596,21c2758d-8cc3-4356-9a88-35ad45ec7a82,client_37,2025-03-01 06:40:53,676.08,USD,Walmart,withdrawal,147.83.226.110,utilities,US,New York,smartphone,4e472023-055a-4495-b27b-cdb8b6f1748c,web,null,null
4597,2f7fc1d7-295f-4074-917a-bf904a465776,client_9,2025-05-29 10:18:25,3321.71,EUR,Zalando,deposit,179.47.148.122,utilities,DE,Berlin,smartphone,35015fb6-d0b5-4276-9ce3-aa670bedca08,mobile_app,null,null
4598,b0142787-0725-4855-97e7-ede60ff51331,client_9,2025-03-08 11:08:44,772.65,USD,Walmart,withdrawal,160.31.5.175,entertainment,US,New York,smartphone,57d75a39-0ca0-47d8-a39f-6cc1e1f0f438,web,null,null
4599,67910633-ac39-4d44-99f0-013e8d951437,client_23,2025-04-14 23:27:16,3029.75,EUR,Carrefour,withdrawal,237.167.38.112,entertainment,FR,Paris,smartphone,3b65042c-f1a7-417f-8e50-bd70579fbbe6,POS,null,null
4600,20e43d4e-1256-4787-920a-2a71c0aa301d,client_17,2025-03-12 15:57:32,1536.39,EUR,Carrefour,withdrawal,82.93.47.246,retail,FR,Paris,tablet,9f2da605-3a07-4608-854f-148c6fde30a2,web,null,null
4601,b5e97785-6a5e-4891-9431-7e72a372f80a,client_37,2025-04-09 11:42:24,1780.24,EUR,Aldi,withdrawal,37.136.81.55,utilities,DE,Munich,smartphone,18e0c3c1-5337-4888-9571-533dd7e2f713,web,null,null
4602,f0fcd457-7d5c-4ca0-b5de-5337eab9a366,client_91,2025-03-09 15:21:10,1002.88,USD,Amazon,withdrawal,205.3.213.255,utilities,US,New York,smartphone,6ef70b5e-4b78-4a3b-aa2e-128b83d5330d,mobile_app,null,null
4603,05be0b73-463e-4545-b49f-7e513c158f34,client_49,2025-02-01 09:28:04,1782.49,RUB,Ozon,withdrawal,83.34.195.68,utilities,RU,St. Petersburg,PC,75071dc6-9e57-48cc-bbee-34ff8dfe064b,mobile_app,null,null
4604,e3902711-8b83-4375-816d-71e5f9613189,client_63,2025-02-25 11:54:31,1870.28,RUB,Sber,withdrawal,110.233.176.105,travel,RU,Novosibirsk,smartphone,8c3a4ee5-2450-491a-bb9c-62ce74320a38,mobile_app,null,null
4605,4da890ed-f239-4283-80ff-0f0904eab784,client_31,2025-02-05 22:22:15,1002.62,RUB,Ozon,withdrawal,29.238.164.86,utilities,RU,Moscow,smartphone,370af3a5-cd06-4288-ae79-c1f7513d5f78,mobile_app,null,null
4606,707fa0c3-71c0-443b-ac2c-87f091e2ab8b,client_63,2025-02-06 12:53:32,2529.53,EUR,Auchan,deposit,126.234.159.169,utilities,FR,Paris,smartphone,7618f784-5787-49ff-b1ab-c9285d3a21f4,mobile_app,null,null
4607,35a462d0-e63b-4554-9bd8-59aa00feaa9e,client_67,2025-03-19 11:14:27,1347.95,USD,Uber,deposit,33.189.224.18,utilities,US,New York,smartphone,50a59dc8-c2d6-4a53-8038-1d0bfd66c9db,web,null,null
4608,e1864928-7cb6-4bb0-80e5-7f6a82164bca,client_9,2025-03-20 20:52:28,1217.8,RUB,Tinkoff,deposit,88.25.16.70,utilities,RU,St. Petersburg,tablet,d759a1dc-0b2a-4094-930b-2b953fadd977,mobile_app,null,null
4609,3fb5c0a6-9c38-4123-85ea-1b4a6e43ad1d,client_49,2025-02-25 15:28:52,1676.56,EUR,Aldi,withdrawal,54.155.72.119,utilities,DE,Berlin,smartphone,70fdded2-1fbb-4542-9b1e-9e49276ae8f3,web,null,null
4610,4d1689f8-57d4-46fe-b2c5-5318d1c43a81,client_67,2025-04-24 15:14:02,785.18,RUB,Sber,deposit,174.29.56.231,travel,RU,Moscow,smartphone,62c1a550-f5bd-472d-9e76-0bdc3d886123,mobile_app,null,null
4611,4e28dfe3-43b9-411d-adfb-26d95e83a368,client_37,2025-03-29 16:12:44,853.4,RUB,Wildberries,withdrawal,40.58.182.61,travel,RU,Moscow,smartphone,2791c13a-1a19-4027-bca4-19133d6d1d33,mobile_app,null,null
4612,c22e4d5e-27e8-4aea-af2c-d96b3dc32fd0,client_31,2025-03-21 19:33:55,1146.49,USD,Uber,withdrawal,153.163.135.200,entertainment,US,Chicago,tablet,4c982a83-35b3-4df5-86f3-26b36793c0ae,web,null,null
4613,3343a4a9-4a2a-4e0a-b83a-5554be377972,client_17,2025-03-16 10:08:27,732.95,EUR,Aldi,deposit,223.130.20.63,utilities,DE,Munich,tablet,fccc4aa8-8553-4779-b8a2-607ceb2ef617,mobile_app,null,null
4614,c031e730-f145-4ce9-8a23-f45877879f9a,client_49,2025-04-30 22:09:43,1019.74,RUB,Ozon,withdrawal,80.80.217.1,utilities,RU,Novosibirsk,smartphone,c26462a3-9d1d-437f-9b7d-593c4cef35aa,mobile_app,null,null
4615,5fa64129-7eb0-403d-92c7-93d526d8f95a,client_49,2025-03-10 11:29:44,1119.4099999999999,RUB,Tinkoff,deposit,155.99.134.21,travel,RU,Moscow,tablet,5c7668bb-13e7-4c1f-b33b-b3c254019fb4,web,null,null
4616,af5d21a4-b923-487d-b3ce-4e8afe51c2fb,client_9,2025-04-17 11:36:21,2190.56,USD,Uber,deposit,149.95.162.78,entertainment,US,New York,smartphone,814af6ae-b67d-48c8-86aa-6ac0270e9fd4,mobile_app,null,null
4617,48bc1325-ec11-4d57-8ba0-137230c78eed,client_81,2025-04-18 22:10:32,869.97,EUR,Zalando,deposit,20.139.42.188,utilities,DE,Munich,tablet,46d6b184-0f09-4032-b622-886b0ca1769a,web,null,null
4618,21247b10-1f77-4171-8641-f8f2366d4e72,client_49,2025-04-19 15:29:59,1267.57,EUR,Zalando,withdrawal,35.85.165.158,utilities,DE,Berlin,smartphone,6bfeab91-8d58-4e8c-9272-47d8967f405f,web,null,null
4619,4bee55fc-4808-4bed-8621-c0b5fb3ecdb9,client_23,2025-04-10 18:24:03,2755.49,CNY,Alipay,deposit,20.47.210.86,utilities,CN,Shanghai,PC,3248e160-052d-4636-99e4-9f8b8f400f54,mobile_app,null,null
4620,7e84fda9-f898-483c-8218-508c768fbfdc,client_31,2025-03-14 18:10:31,957.42,RUB,Ozon,deposit,146.154.54.181,utilities,RU,St. Petersburg,PC,95e0a019-4eb2-4f04-8879-5e6594918d70,mobile_app,null,null
4621,a5f5187c-7836-4e83-8fa6-d24690a78df1,client_31,2025-05-04 15:39:11,1248.88,USD,Uber,deposit,174.141.177.147,utilities,US,Los Angeles,smartphone,3997d596-6766-42a2-b327-72761baa359e,mobile_app,null,null
4622,29fa3e06-781a-4386-bee0-5806469400de,client_23,2025-03-28 22:01:36,939.53,EUR,Zalando,withdrawal,66.35.181.25,utilities,DE,Munich,smartphone,3941fbfa-6e4b-453c-96af-2912f4b8ca1b,mobile_app,null,null
4623,6e5cb0c0-1dde-4d0f-9a7b-98680e7497de,client_91,2025-03-27 20:06:15,1602.32,RUB,Wildberries,deposit,255.72.162.178,utilities,RU,Novosibirsk,tablet,ceb0aacd-7945-4f92-8b43-24adcdc41b91,mobile_app,null,null
4624,fb5cd141-71ce-456b-ad41-839cd484698d,client_23,2025-03-25 22:41:29,833.51,USD,Uber,deposit,238.10.97.177,utilities,US,New York,smartphone,139216a3-c77f-4f32-81eb-e16c1d6822c9,mobile_app,null,null
4625,13bf138b-d0ad-4c61-86cc-2ed04c406111,client_23,2025-03-09 23:39:43,1798.09,RUB,Wildberries,deposit,136.92.93.55,entertainment,RU,St. Petersburg,smartphone,58f39aa8-3d82-44d1-96ee-abde62d929f7,mobile_app,null,null
4626,72be1d30-d042-497c-8d1f-637fbf52b0b9,client_31,2025-04-23 22:55:22,892.44,USD,Uber,deposit,31.118.10.219,utilities,US,Chicago,smartphone,ec7b765f-dd8d-417c-9804-e1611e4a4510,mobile_app,null,null
4627,ac250ac6-1294-4138-b5aa-c84c477b0b44,client_63,2025-04-28 16:30:41,706.11,EUR,Zalando,withdrawal,176.17.114.203,travel,DE,Berlin,tablet,0739c1e8-685a-455c-9f65-97941ceb816d,mobile_app,null,null
4628,82808601-b7db-4d9e-a733-ff79d48f3ccf,client_31,2025-04-26 21:11:43,443.44,EUR,Aldi,withdrawal,188.70.248.226,utilities,DE,Berlin,smartphone,58d077b4-73f9-49b2-8370-5207a1d1108b,mobile_app,null,null
4629,6e4065fb-4fdf-4f21-a2e7-010fc2a21368,client_81,2025-02-06 18:25:13,691.92,RUB,Wildberries,withdrawal,25.76.159.186,entertainment,RU,Moscow,smartphone,df69c8b8-2653-4d4c-b4df-d3191b765ce2,mobile_app,null,null
4630,0ef1a75d-ac08-4326-8f81-68086a7ab762,client_9,2025-03-10 18:56:05,1625.93,RUB,Sber,deposit,99.137.130.255,utilities,RU,St. Petersburg,smartphone,03b97da5-a07e-4b1d-a6c5-685a6ee5a750,web,null,null
4631,374baaae-bb5a-4fe9-aed1-05ff65f34576,client_67,2025-04-26 11:21:03,1532.83,RUB,Ozon,withdrawal,182.163.224.128,utilities,RU,Novosibirsk,smartphone,e76cf4e2-4d7e-42e8-b160-55f9682366c2,mobile_app,null,null
4632,09202909-11e3-4656-8db2-bb0036ceb1f4,client_63,2025-03-31 00:27:24,2127.3599999999997,USD,Uber,withdrawal,119.1.245.209,utilities,US,New York,tablet,9329199f-0478-48a0-bb6a-1fa6b5f96416,POS,null,null
4633,6f9d28ca-cedf-4660-9c9f-009e94a07fee,client_17,2025-05-19 19:08:51,1513.94,USD,Uber,deposit,180.157.160.56,utilities,US,New York,tablet,263c61aa-8243-4a7b-b164-e095dd5e4e0d,mobile_app,null,null
4634,f6562312-7e14-4d6d-a2cc-b936d6f84001,client_67,2025-04-19 10:26:11,2909.6800000000003,EUR,Zalando,deposit,232.41.189.114,retail,DE,Berlin,smartphone,e756faf5-a518-48e2-9401-0119d96cb816,web,null,null
4635,24c6899f-ea07-4d0f-b97a-476f7474ae76,client_9,2025-03-09 15:07:40,906.24,RUB,Wildberries,deposit,149.114.193.62,utilities,RU,St. Petersburg,smartphone,faa02c53-708d-463c-bed8-d3d407205384,mobile_app,null,null
4636,299f1c0e-f817-41f8-aac6-90c8fabc27c8,client_81,2025-04-09 23:35:57,582.69,RUB,Sber,deposit,58.31.208.104,travel,RU,Moscow,smartphone,cdc719eb-7849-4226-a226-916153e51b3f,web,null,null
4637,f4a42a50-7d99-411e-b10b-ce67ef15f018,client_81,2025-04-23 17:11:07,1156.07,EUR,Zalando,deposit,155.136.110.143,entertainment,DE,Berlin,smartphone,0270bbe7-f33c-498b-a7eb-d723f9fd3638,mobile_app,null,null
4638,5654382c-c6bc-451b-917c-3804d22e6005,client_17,2025-04-14 21:09:18,1657.2,RUB,Sber,withdrawal,5.194.185.26,utilities,RU,St. Petersburg,smartphone,4b184d06-aa6a-4743-8899-39fc4bd06881,mobile_app,null,null
4639,0eb224a5-1250-465c-946c-b3bc20ebd81b,client_63,2025-04-25 12:47:54,1120.21,EUR,Auchan,withdrawal,131.121.148.216,utilities,FR,Paris,tablet,a863f8aa-2cb0-43a3-9f82-f63bbeea2a72,mobile_app,null,null
4640,9a13418a-4237-4e8f-a97b-4d0538a43f67,client_91,2025-03-24 19:23:56,782.99,RUB,Tinkoff,deposit,70.112.106.111,travel,RU,Moscow,smartphone,da9af229-0887-4070-9ead-df9ba33a523b,mobile_app,null,null
4641,36c99808-d295-42d3-bed3-cf3e7ae4b0ff,client_23,2025-02-10 00:54:10,1131.37,CNY,Alipay,withdrawal,55.36.55.186,utilities,CN,Shanghai,smartphone,aecf435a-f03d-4d25-a6c6-3341389e542c,mobile_app,null,null
4642,2ef7e56a-fa51-4e31-b133-532a7c4234c4,client_63,2025-04-17 21:07:53,1249.04,EUR,Zalando,deposit,94.200.102.222,utilities,DE,Berlin,smartphone,9f5563ba-05fb-4d48-aaab-4a2c57bbfbaf,mobile_app,null,null
4643,90c82412-223b-445a-adf5-450a9f8c7b13,client_91,2025-05-22 22:14:16,959.03,EUR,Auchan,deposit,246.89.140.144,utilities,FR,Paris,smartphone,79ecf404-7268-4307-b685-8387f5f3b17d,POS,null,null
4644,d232e884-9c0a-4d9b-84ab-0e0be4527346,client_81,2025-02-27 12:55:34,1452.97,USD,Uber,deposit,197.213.57.48,travel,US,New York,smartphone,25448b7f-d214-42b4-85d8-4b646ef92b8c,POS,null,null
4645,62f82275-a8c5-4418-8eb1-d9a9667527d4,client_31,2025-02-17 22:06:43,1353.05,RUB,Wildberries,withdrawal,236.162.80.162,entertainment,RU,Novosibirsk,smartphone,fb75e778-66f4-494e-8268-8054dc6513d1,mobile_app,null,null
4646,72d3205a-50ae-4e30-a882-e4658e4a3b5a,client_9,2025-04-13 17:13:36,796.8,RUB,Wildberries,deposit,239.253.67.39,travel,RU,Moscow,tablet,2c193a37-854e-459f-ae57-ce2c9bcb23e2,mobile_app,null,null
4647,0fff9045-96bf-4feb-9bde-ce000cbd903a,client_17,2025-02-08 21:08:38,1408.68,USD,Amazon,withdrawal,115.102.233.124,utilities,US,Los Angeles,smartphone,d7ff9efb-90c9-4e1c-9cc2-542242d5e614,web,null,null
4648,2d237556-25af-460f-a6f7-1588f125302d,client_9,2025-03-17 00:55:57,1064.9099999999999,USD,Amazon,deposit,108.3.92.150,utilities,US,Los Angeles,smartphone,cd9155bb-cb0a-4da9-bc56-99c0e70e855e,mobile_app,null,null
4649,baaabfff-f2c3-4a88-9592-4fcb92f7befb,client_37,2025-04-04 00:16:31,1146.04,EUR,Carrefour,withdrawal,133.159.213.247,travel,FR,Paris,PC,9569225b-a734-4bf8-b7d2-652783578907,mobile_app,null,null
4650,bed68094-8085-4770-bd2d-145066dc2784,client_37,2025-04-01 16:17:48,1452.63,EUR,Carrefour,deposit,73.22.201.82,utilities,FR,Paris,smartphone,289bda3b-f978-4e9a-90be-7a5422500a7d,mobile_app,null,null
4651,94c7c688-148d-4d89-adc3-49edfd7e19a9,client_63,2025-02-25 21:45:57,1984.91,RUB,Tinkoff,deposit,99.115.47.225,entertainment,RU,Novosibirsk,smartphone,bb10011b-9ec4-4d4c-8498-b27fbb509862,web,null,null
4652,d0a58026-7d8e-41e6-b661-af4c29946df8,client_81,2025-04-17 23:58:10,926.17,EUR,Zalando,deposit,243.17.226.244,entertainment,DE,Berlin,PC,6eccf6d8-6d90-4e08-b855-65aab0507eed,web,null,null
